Word;Frequency
ธนาคาร;1147
เงิน;1038
ธนาคารออมสิน;926
ออมสิน;875
บัญชี;712
โอน;638
สินเชื่อ;591
กู้;544
แอพ;518
สาขา;379
มายโม;376
บาท;376
บ้าน;368
ปี;359
เดือน;320
บัตร;295
สอบถาม;265
เอกสาร;265
จ่าย;256
ยื่น;253
แจ้ง;252
โทร;251
รอ;239
ยอด;224
ติดต่อ;216
กด;211
เวลา;207
พร้อมเพย์;197
เบอร์;183
วันที่;182
สมัคร;180
ถาม;178
เปิดบัญชี;177
เจ้าหน้าที่;159
ข้อความ;152
ยกเลิก;152
หนี้;149
สมุดบัญชี;149
ชำระ;148
อายุ;147
ซื้อ;137
โควิด;136
ถอน;136
ผูก;131
หัก;131
หาย;127
เอทีเอ็ม;126
เช็ค;123
ติด;122
เลข;120
ฝาก;120
ระบบ;114
ค่า;112
ดอกเบี้ย;107
ข้อมูล;104
คืน;103
เข้าบัญชี;101
ผ่อน;101
ถอนเงิน;100
อนุมัติ;99
สลาก;99
พนักงาน;97
เติม;97
ปิดบัญชี;96
ลูกค้า;96
ตู้;95
ต้องการ;93
สร้าง;88
งวด;85
รายได้;85
ยอดเงิน;83
ปกติ;83
รายการ;82
กู้เงิน;81
เงินเดือน;81
ลงทะเบียน;80
อาชีพ;77
บัตรประชาชน;77
ค้ำ;77
สมุด;77
เข้าไป;76
งาน;74
โครงการ;74
รอบ;72
จำนวน;71
ล้าน;69
ใบ;69
เดิม;68
ชำระหนี้;67
บช;67
เงินกู้;66
วิธี;64
สลิป;64
ลอง;63
ทำงาน;63
ใช้งาน;63
มีเงิน;62
แสน;62
ตอบ;61
แนะนำ;61
ประชาชน;60
ฝากเงิน;59
ตัด;59
มีปัญหา;58
ทำการ;58
ขาย;57
รหัส;56
คำตอบ;56
ออนไลน์;55
รี;54
ตรวจสอบ;53
อายัด;53
ได้เงิน;52
วงเงิน;52
ประกัน;52
พัก;52
ค่าธรรมเนียม;51
บัตรเครดิต;47
ปลายทาง;47
ตัง;46
หลัก;46
เงินสด;46
ใส่;46
บริษัท;45
รายละเอียด;44
คิว;44
ดำเนินการ;44
หมื่น;43
สิน;43
อาทิตย์;43
บริการ;43
เตรียม;42
แบงค์;41
กรณี;40
ประเมิน;39
ที่ดิน;38
เดิน;37
ค้าง;37
สอง;37
ล่วงหน้า;37
รถ;37
พาณิชย์;36
จอง;36
ภาระ;36
ไทรทอง;36
ค้ำประกัน;36
คา;36
รับเงิน;36
สัญญา;35
มือถือ;35
